{
  "simple_perceptual_test": {
    "timestamp": "2025-09-05T14:30:08.512656",
    "test_case": {
      "text": "Hello world, this is a test.",
      "voice": "alloy"
    },
    "metrics": {
      "transcription_accuracy": 0.24810731756014776,
      "word_error_rate": 1.0,
      "overall_quality": 100.0,
      "naturalness_score": 100.0,
      "clarity_score": 100.0,
      "prosody_score": 47.89579391479492,
      "human_likeness": 81.7635269165039,
      "rtf": 9.85885170452735
    }
  }
}