{
  "raw_model_analysis": {
    "model_info": {},
    "raw_samples": {
      "sample_1": {
        "text": "Hello, world!",
        "audio_file": "audio_analysis_results/raw_sample_1.wav",
        "analysis_info": {
          "status": "librosa_available",
          "label": "raw_sample_1",
          "sample_rate": 16000,
          "duration": 0.864,
          "spectral_shape": [
            1025,
            28
          ],
          "frequency_bins": 1025,
          "time_frames": 28,
          "max_magnitude": 33.3500862121582,
          "mean_magnitude": 0.23743392527103424,
          "mel_spectrogram_shape": [
            128,
            28
          ],
          "mel_energy": 1289.770263671875
        },
        "metrics": {
          "rms_level": 0.03827754035592079,
          "peak_level": 0.23409733176231384,
          "dynamic_range": 15.729045867919922,
          "duration": 0.864,
          "sample_count": 13824,
          "zero_crossing_rate": 0.09997106481481481,
          "spectral_centroid": 1738.9886698204864,
          "spectral_bandwidth": 1703.4505559943707,
          "spectral_rolloff": 3574.4977678571427
        },
        "sample_rate": 16000,
        "duration": 0.864,
        "shape": [
          13824
        ]
      },
      "sample_2": {
        "text": "This is a test of audio quality.",
        "audio_file": "audio_analysis_results/raw_sample_2.wav",
        "analysis_info": {
          "status": "librosa_available",
          "label": "raw_sample_2",
          "sample_rate": 16000,
          "duration": 1.824,
          "spectral_shape": [
            1025,
            58
          ],
          "frequency_bins": 1025,
          "time_frames": 58,
          "max_magnitude": 54.043701171875,
          "mean_magnitude": 0.3908933401107788,
          "mel_spectrogram_shape": [
            128,
            58
          ],
          "mel_energy": 4432.845703125
        },
        "metrics": {
          "rms_level": 0.05032536759972572,
          "peak_level": 0.39158758521080017,
          "dynamic_range": 17.820837020874023,
          "duration": 1.824,
          "sample_count": 29184,
          "zero_crossing_rate": 0.14932839912280702,
          "spectral_centroid": 2094.637033348931,
          "spectral_bandwidth": 1642.6448492469497,
          "spectral_rolloff": 3834.8599137931033
        },
        "sample_rate": 16000,
        "duration": 1.824,
        "shape": [
          29184
        ]
      },
      "sample_3": {
        "text": "The quick brown fox jumps over the lazy dog.",
        "audio_file": "audio_analysis_results/raw_sample_3.wav",
        "analysis_info": {
          "status": "librosa_available",
          "label": "raw_sample_3",
          "sample_rate": 16000,
          "duration": 1.984,
          "spectral_shape": [
            1025,
            63
          ],
          "frequency_bins": 1025,
          "time_frames": 63,
          "max_magnitude": 39.95827102661133,
          "mean_magnitude": 0.24483941495418549,
          "mel_spectrogram_shape": [
            128,
            63
          ],
          "mel_energy": 2211.909912109375
        },
        "metrics": {
          "rms_level": 0.03421411290764809,
          "peak_level": 0.3348189890384674,
          "dynamic_range": 19.81209373474121,
          "duration": 1.984,
          "sample_count": 31744,
          "zero_crossing_rate": 0.146484375,
          "spectral_centroid": 2105.4206706755317,
          "spectral_bandwidth": 1677.7720487155243,
          "spectral_rolloff": 3919.2708333333335
        },
        "sample_rate": 16000,
        "duration": 1.984,
        "shape": [
          31744
        ]
      }
    },
    "spectral_analysis": {},
    "quality_metrics": {}
  },
  "pipeline_analysis": {
    "processor_config": {
      "supported_formats": [
        "mp3",
        "wav",
        "flac",
        "opus",
        "aac",
        "pcm"
      ],
      "dependencies": {
        "soundfile": true,
        "ffmpeg": true,
        "librosa": true
      },
      "capabilities": {
        "format_conversion": true,
        "speed_adjustment": true,
        "high_quality_encoding": true
      },
      "quality_presets": {
        "low": {
          "sample_rate": 16000,
          "bitrates": {
            "mp3": "64k",
            "aac": "48k",
            "opus": "32k"
          },
          "enable_enhancement": false,
          "noise_reduction": false,
          "compression": false
        },
        "standard": {
          "sample_rate": 16000,
          "bitrates": {
            "mp3": "128k",
            "aac": "96k",
            "opus": "64k"
          },
          "enable_enhancement": true,
          "noise_reduction": false,
          "compression": false
        },
        "high": {
          "sample_rate": 16000,
          "bitrates": {
            "mp3": "192k",
            "aac": "128k",
            "opus": "96k"
          },
          "enable_enhancement": true,
          "noise_reduction": false,
          "compression": false
        },
        "ultra": {
          "sample_rate": 16000,
          "bitrates": {
            "mp3": "320k",
            "aac": "256k",
            "opus": "128k"
          },
          "enable_enhancement": true,
          "noise_reduction": false,
          "compression": false
        }
      },
      "current_preset": {
        "sample_rate": 16000,
        "bitrates": {
          "mp3": "192k",
          "aac": "128k",
          "opus": "96k"
        },
        "enable_enhancement": true,
        "noise_reduction": false,
        "compression": false
      },
      "audio_enhancement": {
        "enabled": true,
        "noise_reduction": true,
        "compression": true,
        "normalization": "peak",
        "stereo_enhancement": true
      }
    },
    "processing_steps": {
      "original": {
        "metrics": {
          "rms_level": 0.05257735773921013,
          "peak_level": 0.45010706782341003,
          "dynamic_range": 18.650339126586914,
          "duration": 2.496,
          "sample_count": 39936,
          "zero_crossing_rate": 0.1560496794871795,
          "spectral_centroid": 2188.9567244936643,
          "spectral_bandwidth": 1674.9909448091728,
          "spectral_rolloff": 4063.587816455696
        },
        "sample_rate": 16000,
        "shape": [
          39936
        ]
      },
      "normalized": {
        "metrics": {
          "rms_level": 0.05257735773921013,
          "peak_level": 0.45010706782341003,
          "dynamic_range": 18.650339126586914,
          "duration": 2.496,
          "sample_count": 39936,
          "zero_crossing_rate": 0.1560496794871795,
          "spectral_centroid": 2188.9567244936643,
          "spectral_bandwidth": 1674.9909448091728,
          "spectral_rolloff": 4063.587816455696
        },
        "sample_rate": 16000,
        "shape": [
          39936
        ]
      },
      "enhanced": {
        "metrics": {
          "rms_level": 0.099289171397686,
          "peak_level": 0.8500000238418579,
          "dynamic_range": 18.650341033935547,
          "duration": 2.496,
          "sample_count": 39936,
          "zero_crossing_rate": 0.1560496794871795,
          "spectral_centroid": 2188.956723430628,
          "spectral_bandwidth": 1674.9909412355985,
          "spectral_rolloff": 4063.587816455696
        },
        "sample_rate": 16000,
        "shape": [
          39936
        ]
      },
      "resampled": {
        "metrics": {
          "rms_level": 0.099289171397686,
          "peak_level": 0.8500000238418579,
          "dynamic_range": 18.650341033935547,
          "duration": 2.496,
          "sample_count": 39936,
          "zero_crossing_rate": 0.1560496794871795,
          "spectral_centroid": 2188.956723430628,
          "spectral_bandwidth": 1674.9909412355985,
          "spectral_rolloff": 4063.587816455696
        },
        "sample_rate": 16000,